AT, 0
BE, 5
BG, 0
CY, 4
CZ, 0
DE, 1.96078431
DK, 3
EE, 0
EL, 27.8137128
ES, 0
FI, 0
FR, 0.13280212
HR, 0
HU, 0.33333333
IE, 0
IS, 0
IT, 10
LU, 9
LV, 8
MT, 0
NL, 0
NO, 0.62111801
PL, 0
PT, 7
RO, 6
SE, 0
SI, 0
SK, 5
UK, 0
